asset_type,text
headline,AgriCore Workshop Software
headline,Agricultural Job Software
headline,Farm Machinery CRM
headline,Digital Job Cards
headline,AI For Agricultural Engineers
headline,Machine Service History
headline,Manage Jobs From Your Phone
headline,Workshop & Field In One App
headline,Stock Quotes Jobs In One
headline,Try AgriCore Free For 14 Days
headline,Built For Machinery Service
headline,Field Service For Agriculture
headline,Run Your Workshop Smarter
headline,Service Software For Engineers
headline,AgriCore Free Trial
description,Run jobs machines technicians stock quotes and invoices from one agricultural platform.
description,Give field engineers machine history, job cards, photos, signatures and AI assistance.
description,Built for agricultural engineers and machinery service teams. Start a 14-day free trial.
description,Connect workshop and field work without rebuilding the same customer and machine data.
