campaign,ad_group,landing_page,intent
Agricultural Software,Agricultural engineering software,/agricultural-engineering-software,broad high intent
Agricultural Software,Agricultural engineer software,/agricultural-engineer-software,independent engineers
Agricultural CRM,Agricultural CRM,/agricultural-crm,customer and machine history
Workshop Operations,Workshop software,/farm-machinery-workshop-software,workshop management
Workshop Operations,Workshop scheduling,/workshop-scheduling-software,scheduling and capacity
Field Service,Mobile job sheets,/mobile-job-sheets-agricultural-engineers,mobile job cards
Field Service,Field service management,/field-service-management-agriculture,mobile engineer operations
Service Management,Machinery service management,/machinery-service-management-software,service workflow
Commercial Workflow,Agricultural invoicing,/agricultural-invoicing-software,job-to-invoice workflow
